<mxfile host="app.diagrams.net" modified="2025-04-26T23:18:00.000Z" agent="Mozilla/5.0 (Windows NT 10.0; Win64; x64) AppleWebKit/537.36 (KHTML, like Gecko) Chrome/124.0.0.0 Safari/537.36" etag="YOUR_ETAG">
  <diagram id="YOUR_DIAGRAM_ID" name="Qlik Architecture">
    <mxGraphModel dx="1018" dy="668" grid="1" gridSize="10" guides="1" tooltips="1" connect="1" arrows="1" fold="1" page="1" pageScale="1" pageWidth="850" pageHeight="1100" math="0" shadow="0">
      <root>
        <mxCell id="0"/>
        <mxCell id="1" parent="0"/>
        <mxCell id="2" value="Window Server 1" style="rounded=1;whiteSpace=wrap;html=1;" vertex="1" parent="1">
          <mxGeometry x="80" y="100" width="200" height="150" as="geometry"/>
        </mxCell>
        <mxCell id="3" value="Qlik NPrinting App" style="rounded=1;whiteSpace=wrap;html=1;fillColor=#dae8fc;strokeColor=#6c8ebf;" vertex="1" parent="2">
          <mxGeometry x="20" y="20" width="160" height="50" as="geometry"/>
        </mxCell>
        <mxCell id="4" value="PostgreSQL" style="shape=cylinder;whiteSpace=wrap;html=1;fillColor=#f8cecc;strokeColor=#b85450;" vertex="1" parent="2">
          <mxGeometry x="20" y="80" width="160" height="50" as="geometry"/>
        </mxCell>
        <mxCell id="5" value="Window Server 2" style="rounded=1;whiteSpace=wrap;html=1;" vertex="1" parent="1">
          <mxGeometry x="400" y="100" width="200" height="150" as="geometry"/>
        </mxCell>
        <mxCell id="6" value="Qlik Sense Engine" style="rounded=1;whiteSpace=wrap;html=1;fillColor=#e1d5e7;strokeColor=#9673a6;" vertex="1" parent="5">
          <mxGeometry x="20" y="50" width="160" height="50" as="geometry"/>
        </mxCell>
        <mxCell id="7" value="Data Source Connection" style="edgeStyle=orthogonalEdgeStyle;rounded=0;orthogonalLoop=1;jettySize=auto;html=1;entryX=0.5;entryY=0;entryDx=0;entryDy=0;" edge="1" parent="1" source="3" target="4">
          <mxGeometry relative="1" as="geometry">
            <mxPoint x="180" y="120" as="sourcePoint"/>
            <mxPoint x="180" y="180" as="targetPoint"/>
          </mxGeometry>
        </mxCell>
        <mxCell id="8" value="Qlik Connection" style="edgeStyle=orthogonalEdgeStyle;rounded=0;orthogonalLoop=1;jettySize=auto;html=1;" edge="1" parent="1" source="3" target="6">
          <mxGeometry relative="1" as="geometry">
            <mxPoint x="280" y="150" as="sourcePoint"/>
            <mxPoint x="480" y="150" as="targetPoint"/>
          </mxGeometry>
        </mxCell>
      </root>
    </mxGraphModel>
  </diagram>
</mxfile>
